main_keyword;secondary_keyword;language
Digital Workplace Anbieter;Managed Digital Workplace;German
Digital Workplace Anbieter;digital workplace office 365;German
Digital Workplace Anbieter;Digital Workplace;German
Managed Cloud Services;cloud computer anbieter;German
Managed Cloud Services;cloud computing im unternehmen;German
Managed Cloud Services;cloud identity access management;German
Managed Cloud Services;managed cloud server;German
Managed Datacenter;microsoft azure management;German
Managed Datacenter;azure vs microsoft 365;German
Managed Datacenter;virtual desktop infrastructure azure;German
Managed Datacenter;microsoft azure management;German
Managed IT Security ;it sicherheit kmu schweiz;German
Managed IT Security ;Sichere IT Infrastruktur;German
Managed IT Security ;IT Sicherheit Schweiz;German
Managed IT Security ;cyber security f√ºr kmu;German
Managed IT Security ;managed it security services;German
Managed Data Protection;home office datensicherheit;German
Managed Data Protection;datensicherheit home office;German
Managed Data Protection;Datensicherheit im Unternehmen;German
Assessments;Reise durch die Cloud;German
Assessments;Risikobewertung;German
Assessments;Moderne Zusammenarbeit;German
Assessments;IT Security Assessment ;German
Digital Workplace Solutions;digital workplace services;English
Digital Workplace Solutions;workplace it management;English
Digital Workplace Solutions;digital workplace management;English
cloud managed services;cloud computing service providers;English
cloud managed services;cloud identity management;English
cloud managed services;swiss cloud computing;English
cloud computing management services;cloud computing service providers;English
cloud computing management services;cloud identity management;English
cloud computing management services;swiss cloud computing;English
data center services;microsoft azure cloud;English
data center services;microsoft azure desktop as a service;English
data center services;managed services for microsoft azure;English
data center services;microsoft azure management;English
Cyber Security Management;data security in cloud computing;English
Cyber Security Management;cyber security identity and access management;English
Cyber Security Management;it security cloud computing;English
Cyber Security Management;microsoft azure security;English
IT security ;data security in cloud computing;English
IT security ;cyber security identity and access management;English
IT security ;it security cloud computing;English
IT security ;microsoft azure security;English
Data Protection Management;;English
Cloud Journey;;English
C-Level Risk Assessment;;English
Cyber Security & Data Protection Advisory;;English
Collaboration Journey;;English